[
    { "range_name": "Dec 2020", "start_date": "2020-12-01", "end_date": "2020-12-31" },
    { "range_name": "Jan 2021", "start_date": "2020-12-31", "end_date": "2021-01-31" },
    { "range_name": "Feb 2021", "start_date": "2021-01-31", "end_date": "2021-02-28" },
    { "range_name": "Mar 2021", "start_date": "2021-02-28", "end_date": "2021-03-31" },
    { "range_name": "Apr 2021", "start_date": "2021-03-31", "end_date": "2021-04-30" },
    { "range_name": "May 2021", "start_date": "2021-04-30", "end_date": "2021-05-31" },
    { "range_name": "Jun 2021", "start_date": "2021-05-31", "end_date": "2021-06-30" },
    { "range_name": "Jul 2021", "start_date": "2021-06-30", "end_date": "2021-07-31" },
    { "range_name": "Aug 2021", "start_date": "2021-07-31", "end_date": "2021-08-31" },
    { "range_name": "Sep 2021", "start_date": "2021-08-31", "end_date": "2021-09-30" },
    { "range_name": "Oct 2021", "start_date": "2021-09-30", "end_date": "2021-10-31" },
    { "range_name": "Nov 2021", "start_date": "2021-10-31", "end_date": "2021-11-30" },
    { "range_name": "Dec 2021", "start_date": "2021-11-30", "end_date": "2021-12-31" },
    { "range_name": "Jan 2022", "start_date": "2021-12-31", "end_date": "2022-01-31" },
    { "range_name": "Feb 2022", "start_date": "2022-01-31", "end_date": "2022-02-28" },
    { "range_name": "Mar 2022", "start_date": "2022-02-28", "end_date": "2022-03-31" },
    { "range_name": "Apr 2022", "start_date": "2022-03-31", "end_date": "2022-04-30" },
    { "range_name": "May 2022", "start_date": "2022-04-30", "end_date": "2022-05-31" },
    { "range_name": "Jun 2022", "start_date": "2022-05-31", "end_date": "2022-06-30" },
    { "range_name": "Jul 2022", "start_date": "2022-06-30", "end_date": "2022-07-31" },
    { "range_name": "Aug 2022", "start_date": "2022-07-31", "end_date": "2022-08-31" },
    { "range_name": "Sep 2022", "start_date": "2022-08-31", "end_date": "2022-09-30" },
    { "range_name": "Oct 2022", "start_date": "2022-09-30", "end_date": "2022-10-31" },
    { "range_name": "Nov 2022", "start_date": "2022-10-31", "end_date": "2022-11-30" },
    { "range_name": "Dec 2022", "start_date": "2022-11-30", "end_date": "2022-12-31" },
    { "range_name": "Jan 2023", "start_date": "2022-12-31", "end_date": "2023-01-31" },
    { "range_name": "Feb 2023", "start_date": "2023-01-31", "end_date": "2023-02-28" },
    { "range_name": "Mar 2023", "start_date": "2023-02-28", "end_date": "2023-03-31" },
    { "range_name": "Apr 2023", "start_date": "2023-03-31", "end_date": "2023-04-30" },
    { "range_name": "May 2023", "start_date": "2023-04-30", "end_date": "2023-05-31" },
    { "range_name": "Jun 2023", "start_date": "2023-05-31", "end_date": "2023-06-30" },
    { "range_name": "Jul 2023", "start_date": "2023-06-30", "end_date": "2023-07-31" },
    { "range_name": "Aug 2023", "start_date": "2023-07-31", "end_date": "2023-08-31" },
    { "range_name": "Sep 2023", "start_date": "2023-08-31", "end_date": "2023-09-30" },
    { "range_name": "Oct 2023", "start_date": "2023-09-30", "end_date": "2023-10-31" },
    { "range_name": "Nov 2023", "start_date": "2023-10-31", "end_date": "2023-11-30" },
    { "range_name": "Dec 2023", "start_date": "2023-11-30", "end_date": "2023-12-31" },
    { "range_name": "Jan 2024", "start_date": "2023-12-31", "end_date": "2024-01-31" },
    { "range_name": "Feb 2024", "start_date": "2024-01-31", "end_date": "2024-02-29" },
    { "range_name": "Mar 2024", "start_date": "2024-02-29", "end_date": "2024-03-31" },
    { "range_name": "Apr 2024", "start_date": "2024-03-31", "end_date": "2024-04-30" },
    { "range_name": "May 2024", "start_date": "2024-04-30", "end_date": "2024-05-31" },
    { "range_name": "Jun 2024", "start_date": "2024-05-31", "end_date": "2024-06-30" },
    { "range_name": "Jul 2024", "start_date": "2024-06-30", "end_date": "2024-07-31" },
    { "range_name": "Aug 2024", "start_date": "2024-07-31", "end_date": "2024-08-31" },
    { "range_name": "Sep 2024", "start_date": "2024-08-31", "end_date": "2024-09-30" },
    { "range_name": "Oct 2024", "start_date": "2024-09-30", "end_date": "2024-10-31" },
    { "range_name": "Nov 2024", "start_date": "2024-10-31", "end_date": "2024-11-30" },
    { "range_name": "Dec 2024", "start_date": "2024-11-30", "end_date": "2024-12-31" }
]
